<?xml version="1.0" encoding="UTF-8"?>
<!DOCTYPE fontscolors
PUBLIC "-//NetBeans//DTD Editor Fonts and Colors settings 1.1//EN"
       "http://www.netbeans.org/dtds/EditorFontsColors-1_1.dtd">
<fontscolors>
 <fontcolor name="block-search" default="default"/>
 <fontcolor name="nbeditor-bracesMatching-match" default="default" bgColor="ff546C7E"/>
 <fontcolor name="nbeditor-bracesMatching-match-multichar" default="default" bgColor="ff546C7E"/>
 <fontcolor name="nbeditor-bracesMatching-mismatch" default="default"/>
 <fontcolor name="nbeditor-bracesMatching-mismatch-multichar" default="default"/>
 <fontcolor name="highlight-caret-row" default="default" bgColor="ff3C3C3C"/>
 <fontcolor name="highlight-search" default="default" bgColor="ff6C6C6C"/>
 <fontcolor name="line-number" default="default" bgColor="ff262626"/>
 <fontcolor name="selection" default="default" foreColor="ffF6E06B" bgColor="ff587B18"/>
 <fontcolor name="text-limit-line-color" default="default"/>
</fontscolors>
