<?xml version="1.0" encoding="UTF-8"?>
<!DOCTYPE fontscolors
PUBLIC "-//NetBeans//DTD Editor Fonts and Colors settings 1.1//EN"
       "http://www.netbeans.org/dtds/EditorFontsColors-1_1.dtd">
<fontscolors>
 <fontcolor name="char" default="default"/>
 <fontcolor name="comment" default="default" foreColor="ff67C3E7"/>
 <fontcolor name="default" default="default" foreColor="ffFFFFFF" bgColor="ff262626">
  <font name="DejaVu Sans Mono" size="14"/>
 </fontcolor>
 <fontcolor name="entity-reference" default="default"/>
 <fontcolor name="field" default="default" foreColor="ffB5A94B"/>
 <fontcolor name="identifier" default="default"/>
 <fontcolor name="keyword" default="default" foreColor="ffF6E06B"/>
 <fontcolor name="method" default="identifier" foreColor="ffFFFFFF"/>
 <fontcolor name="number" default="default" foreColor="ffC64947"/>
 <fontcolor name="operator" default="default" foreColor="ffFFFFFF"/>
 <fontcolor name="separator" default="default" foreColor="ffFFFFFF"/>
 <fontcolor name="string" default="default" foreColor="ffFF8E8D"/>
 <fontcolor name="url" default="default"/>
 <fontcolor name="error" default="default"/>
 <fontcolor name="warning" default="default"/>
</fontscolors>
