<?xml version="1.0" encoding="UTF-8"?>
<!DOCTYPE fontscolors
PUBLIC "-//NetBeans//DTD Editor Fonts and Colors settings 1.1//EN"
       "http://www.netbeans.org/dtds/EditorFontsColors-1_1.dtd">
<fontscolors>
 <fontcolor name="mod-class" default="default" foreColor="ff82F985"/>
 <fontcolor name="comment" default="comment"/>
 <fontcolor name="phpdockeyword" default="comment"/>
 <fontcolor name="mod-field" default="field"/>
 <fontcolor name="heredocdelimiter" default="default"/>
 <fontcolor name="htmltag" default="comment"/>
 <fontcolor name="identifier" default="identifier"/>
 <fontcolor name="keyword" default="keyword"/>
 <fontcolor name="constant" default="default"/>
 <fontcolor name="mod-method" default="default" foreColor="ff82F985"/>
 <fontcolor name="number" default="number"/>
 <fontcolor name="phpopenclose" default="default"/>
 <fontcolor name="operator" default="operator"/>
 <fontcolor name="PHP_STRING" default="identifier"/>
 <fontcolor name="separator" default="separator"/>
 <fontcolor name="mod-static" default="default"/>
 <fontcolor name="string" default="string"/>
 <fontcolor name="PHP_VARIABLE" default="default" foreColor="ffB6B193"/>
 <fontcolor name="mark-occurrences" default="default" bgColor="ff535353"/>
</fontscolors>
