<?xml version="1.0" encoding="UTF-8"?>
<!DOCTYPE fontscolors
PUBLIC "-//NetBeans//DTD Editor Fonts and Colors settings 1.1//EN"
       "http://www.netbeans.org/dtds/EditorFontsColors-1_1.dtd">
<fontscolors>
 <fontcolor name="char" default="default" foreColor="ff90a959">
  <font name="Consolas" size="14"/>
 </fontcolor>
 <fontcolor name="comment" default="default" foreColor="ffb0b0b0">
  <font name="Consolas" size="14"/>
 </fontcolor>
 <fontcolor name="default" default="default" foreColor="ffe0e0e0" bgColor="ff202020">
  <font name="Consolas" size="14"/>
 </fontcolor>
 <fontcolor name="entity-reference" default="default"/>
 <fontcolor name="field" default="default" foreColor="fff4bf75"/>
 <fontcolor name="identifier" default="default" foreColor="ff75b5aa"/>
 <fontcolor name="keyword" default="default" foreColor="ffaa759f"/>
 <fontcolor name="method" default="identifier" foreColor="ff6a9fb5"/>
 <fontcolor name="number" default="default" foreColor="ffd28445"/>
 <fontcolor name="operator" default="default"/>
 <fontcolor name="separator" default="default"/>
 <fontcolor name="string" default="default" foreColor="ff90a959"/>
 <fontcolor name="url" default="default"/>
 <fontcolor name="error" default="default"/>
 <fontcolor name="warning" default="default"/>
</fontscolors>
