<?xml version="1.0" encoding="UTF-8"?>
<!DOCTYPE fontscolors
PUBLIC "-//NetBeans//DTD Editor Fonts and Colors settings 1.1//EN"
       "http://www.netbeans.org/dtds/EditorFontsColors-1_1.dtd">
<fontscolors>
 <fontcolor name="block-search" default="default"/>
 <fontcolor name="nbeditor-bracesMatching-match" default="default"/>
 <fontcolor name="nbeditor-bracesMatching-match-multichar" default="default"/>
 <fontcolor name="nbeditor-bracesMatching-mismatch" default="default"/>
 <fontcolor name="nbeditor-bracesMatching-mismatch-multichar" default="default"/>
 <fontcolor name="highlight-caret-row" default="default"/>
 <fontcolor name="highlight-search" default="default" bgColor="ff505050"/>
 <fontcolor name="line-number" default="default" foreColor="ffb0b0b0" bgColor="ff202020"/>
 <fontcolor name="selection" default="default" bgColor="ff505050"/>
 <fontcolor name="text-limit-line-color" default="default"/>
</fontscolors>
