<?xml version="1.0" encoding="UTF-8"?>
<project-private xmlns="http://www.netbeans.org/ns/project-private/1">
    <editor-bookmarks xmlns="http://www.netbeans.org/ns/editor-bookmarks/2" lastBookmarkId="0"/>
    <open-files xmlns="http://www.netbeans.org/ns/projectui-open-files/2">
        <group>
            <file>file:/home/old/NetBeansProjects/UAS_205314094/src/uas_205314094/Tree.java</file>
            <file>file:/home/old/NetBeansProjects/UAS_205314094/src/uas_205314094/TreeApp.java</file>
            <file>file:/home/old/NetBeansProjects/UAS_205314094/src/uas_205314094/TreeNode.java</file>
        </group>
    </open-files>
</project-private>
