<?xml version="1.0" encoding="UTF-8"?>
<project-private xmlns="http://www.netbeans.org/ns/project-private/1">
    <editor-bookmarks xmlns="http://www.netbeans.org/ns/editor-bookmarks/2" lastBookmarkId="0"/>
    <open-files xmlns="http://www.netbeans.org/ns/projectui-open-files/2">
        <group>
            <file>file:/C:/Users/Balis%20Creative/Documents/NetBeansProjects/ProjectSDNL/src/ProjectBaru/Main1.java</file>
            <file>file:/C:/Users/Balis%20Creative/Documents/NetBeansProjects/ProjectSDNL/src/ProjectBaru/Tree.java</file>
            <file>file:/C:/Users/Balis%20Creative/Documents/NetBeansProjects/ProjectSDNL/src/ProjectBaru/Jadwal.java</file>
        </group>
    </open-files>
</project-private>
